{
  "precision": 0.05724137931034483,
  "recall": 0.8736842105263158,
  "f1": 0.10744336569579288,
  "threshold": 0.5,
  "n_samples": 56746,
  "timestamp": "2025-11-02T15:37:42.982724"
}